layer,probe_method,train_dataset,eval_dataset,eval_type,model_name,grouped_accuracy
0,dim,dbpedia_14,amazon_polarity,out_of_distribution,microsoft/phi-2,0.4
0,dim,dbpedia_14,arc_easy,out_of_distribution,microsoft/phi-2,0.4
0,dim,dbpedia_14,boolq,out_of_distribution,microsoft/phi-2,0.5
0,dim,dbpedia_14,dbpedia_14,in_distribution,microsoft/phi-2,0.5
0,dim,dbpedia_14,facts,out_of_distribution,microsoft/phi-2,0.6
0,dim,dbpedia_14,repeng_truthful,out_of_distribution,microsoft/phi-2,0.7
0,dim,dbpedia_14,truthful_qa,out_of_distribution,microsoft/phi-2,0.3
0,lat,dbpedia_14,amazon_polarity,out_of_distribution,microsoft/phi-2,0.6
0,lat,dbpedia_14,arc_easy,out_of_distribution,microsoft/phi-2,0.2
0,lat,dbpedia_14,boolq,out_of_distribution,microsoft/phi-2,0.5
0,lat,dbpedia_14,dbpedia_14,in_distribution,microsoft/phi-2,0.3
0,lat,dbpedia_14,facts,out_of_distribution,microsoft/phi-2,0.8
0,lat,dbpedia_14,repeng_truthful,out_of_distribution,microsoft/phi-2,0.6
0,lat,dbpedia_14,truthful_qa,out_of_distribution,microsoft/phi-2,0.5
0,lr,dbpedia_14,amazon_polarity,out_of_distribution,microsoft/phi-2,0.4
0,lr,dbpedia_14,arc_easy,out_of_distribution,microsoft/phi-2,0.4
0,lr,dbpedia_14,boolq,out_of_distribution,microsoft/phi-2,0.5
0,lr,dbpedia_14,dbpedia_14,in_distribution,microsoft/phi-2,0.3
0,lr,dbpedia_14,facts,out_of_distribution,microsoft/phi-2,0.4
0,lr,dbpedia_14,repeng_truthful,out_of_distribution,microsoft/phi-2,0.7
0,lr,dbpedia_14,truthful_qa,out_of_distribution,microsoft/phi-2,0.2
0,pca-g,dbpedia_14,amazon_polarity,out_of_distribution,microsoft/phi-2,0.4
0,pca-g,dbpedia_14,arc_easy,out_of_distribution,microsoft/phi-2,0.3
0,pca-g,dbpedia_14,boolq,out_of_distribution,microsoft/phi-2,0.5
0,pca-g,dbpedia_14,dbpedia_14,in_distribution,microsoft/phi-2,0.4
0,pca-g,dbpedia_14,facts,out_of_distribution,microsoft/phi-2,0.6
0,pca-g,dbpedia_14,repeng_truthful,out_of_distribution,microsoft/phi-2,0.7
0,pca-g,dbpedia_14,truthful_qa,out_of_distribution,microsoft/phi-2,0.2
1,dim,dbpedia_14,amazon_polarity,out_of_distribution,microsoft/phi-2,0.4
1,dim,dbpedia_14,arc_easy,out_of_distribution,microsoft/phi-2,0.3
1,dim,dbpedia_14,boolq,out_of_distribution,microsoft/phi-2,0.5
1,dim,dbpedia_14,dbpedia_14,in_distribution,microsoft/phi-2,0.4
1,dim,dbpedia_14,facts,out_of_distribution,microsoft/phi-2,1.0
1,dim,dbpedia_14,repeng_truthful,out_of_distribution,microsoft/phi-2,0.5
1,dim,dbpedia_14,truthful_qa,out_of_distribution,microsoft/phi-2,0.3
1,lat,dbpedia_14,amazon_polarity,out_of_distribution,microsoft/phi-2,0.6
1,lat,dbpedia_14,arc_easy,out_of_distribution,microsoft/phi-2,0.4
1,lat,dbpedia_14,boolq,out_of_distribution,microsoft/phi-2,0.5
1,lat,dbpedia_14,dbpedia_14,in_distribution,microsoft/phi-2,0.3
1,lat,dbpedia_14,facts,out_of_distribution,microsoft/phi-2,0.4
1,lat,dbpedia_14,repeng_truthful,out_of_distribution,microsoft/phi-2,0.6
1,lat,dbpedia_14,truthful_qa,out_of_distribution,microsoft/phi-2,0.3
1,lr,dbpedia_14,amazon_polarity,out_of_distribution,microsoft/phi-2,0.4
1,lr,dbpedia_14,arc_easy,out_of_distribution,microsoft/phi-2,0.4
1,lr,dbpedia_14,boolq,out_of_distribution,microsoft/phi-2,0.5
1,lr,dbpedia_14,dbpedia_14,in_distribution,microsoft/phi-2,0.5
1,lr,dbpedia_14,facts,out_of_distribution,microsoft/phi-2,1.0
1,lr,dbpedia_14,repeng_truthful,out_of_distribution,microsoft/phi-2,0.4
1,lr,dbpedia_14,truthful_qa,out_of_distribution,microsoft/phi-2,0.2
1,pca-g,dbpedia_14,amazon_polarity,out_of_distribution,microsoft/phi-2,0.6
1,pca-g,dbpedia_14,arc_easy,out_of_distribution,microsoft/phi-2,0.3
1,pca-g,dbpedia_14,boolq,out_of_distribution,microsoft/phi-2,0.5
1,pca-g,dbpedia_14,dbpedia_14,in_distribution,microsoft/phi-2,0.4
1,pca-g,dbpedia_14,facts,out_of_distribution,microsoft/phi-2,0.6
1,pca-g,dbpedia_14,repeng_truthful,out_of_distribution,microsoft/phi-2,0.8
1,pca-g,dbpedia_14,truthful_qa,out_of_distribution,microsoft/phi-2,0.3
2,dim,dbpedia_14,amazon_polarity,out_of_distribution,microsoft/phi-2,0.4
2,dim,dbpedia_14,arc_easy,out_of_distribution,microsoft/phi-2,0.3
2,dim,dbpedia_14,boolq,out_of_distribution,microsoft/phi-2,0.6
2,dim,dbpedia_14,dbpedia_14,in_distribution,microsoft/phi-2,0.4
2,dim,dbpedia_14,facts,out_of_distribution,microsoft/phi-2,0.8
2,dim,dbpedia_14,repeng_truthful,out_of_distribution,microsoft/phi-2,0.5
2,dim,dbpedia_14,truthful_qa,out_of_distribution,microsoft/phi-2,0.2
2,lat,dbpedia_14,amazon_polarity,out_of_distribution,microsoft/phi-2,0.5
2,lat,dbpedia_14,arc_easy,out_of_distribution,microsoft/phi-2,0.4
2,lat,dbpedia_14,boolq,out_of_distribution,microsoft/phi-2,0.5
2,lat,dbpedia_14,dbpedia_14,in_distribution,microsoft/phi-2,0.3
2,lat,dbpedia_14,facts,out_of_distribution,microsoft/phi-2,0.6
2,lat,dbpedia_14,repeng_truthful,out_of_distribution,microsoft/phi-2,0.1
2,lat,dbpedia_14,truthful_qa,out_of_distribution,microsoft/phi-2,0.3
2,lr,dbpedia_14,amazon_polarity,out_of_distribution,microsoft/phi-2,0.4
2,lr,dbpedia_14,arc_easy,out_of_distribution,microsoft/phi-2,0.4
2,lr,dbpedia_14,boolq,out_of_distribution,microsoft/phi-2,0.3
2,lr,dbpedia_14,dbpedia_14,in_distribution,microsoft/phi-2,0.7
2,lr,dbpedia_14,facts,out_of_distribution,microsoft/phi-2,0.8
2,lr,dbpedia_14,repeng_truthful,out_of_distribution,microsoft/phi-2,0.6
2,lr,dbpedia_14,truthful_qa,out_of_distribution,microsoft/phi-2,0.4
2,pca-g,dbpedia_14,amazon_polarity,out_of_distribution,microsoft/phi-2,0.6
2,pca-g,dbpedia_14,arc_easy,out_of_distribution,microsoft/phi-2,0.4
2,pca-g,dbpedia_14,boolq,out_of_distribution,microsoft/phi-2,0.5
2,pca-g,dbpedia_14,dbpedia_14,in_distribution,microsoft/phi-2,0.4
2,pca-g,dbpedia_14,facts,out_of_distribution,microsoft/phi-2,0.6
2,pca-g,dbpedia_14,repeng_truthful,out_of_distribution,microsoft/phi-2,0.6
2,pca-g,dbpedia_14,truthful_qa,out_of_distribution,microsoft/phi-2,0.3
3,dim,dbpedia_14,amazon_polarity,out_of_distribution,microsoft/phi-2,0.6
3,dim,dbpedia_14,arc_easy,out_of_distribution,microsoft/phi-2,0.5
3,dim,dbpedia_14,boolq,out_of_distribution,microsoft/phi-2,0.5
3,dim,dbpedia_14,dbpedia_14,in_distribution,microsoft/phi-2,0.8
3,dim,dbpedia_14,facts,out_of_distribution,microsoft/phi-2,0.8
3,dim,dbpedia_14,repeng_truthful,out_of_distribution,microsoft/phi-2,0.5
3,dim,dbpedia_14,truthful_qa,out_of_distribution,microsoft/phi-2,0.3
3,lat,dbpedia_14,amazon_polarity,out_of_distribution,microsoft/phi-2,0.4
3,lat,dbpedia_14,arc_easy,out_of_distribution,microsoft/phi-2,0.2
3,lat,dbpedia_14,boolq,out_of_distribution,microsoft/phi-2,0.5
3,lat,dbpedia_14,dbpedia_14,in_distribution,microsoft/phi-2,0.2
3,lat,dbpedia_14,facts,out_of_distribution,microsoft/phi-2,0.4
3,lat,dbpedia_14,repeng_truthful,out_of_distribution,microsoft/phi-2,0.3
3,lat,dbpedia_14,truthful_qa,out_of_distribution,microsoft/phi-2,0.4
3,lr,dbpedia_14,amazon_polarity,out_of_distribution,microsoft/phi-2,0.5
3,lr,dbpedia_14,arc_easy,out_of_distribution,microsoft/phi-2,0.4
3,lr,dbpedia_14,boolq,out_of_distribution,microsoft/phi-2,0.5
3,lr,dbpedia_14,dbpedia_14,in_distribution,microsoft/phi-2,0.9
3,lr,dbpedia_14,facts,out_of_distribution,microsoft/phi-2,0.8
3,lr,dbpedia_14,repeng_truthful,out_of_distribution,microsoft/phi-2,0.5
3,lr,dbpedia_14,truthful_qa,out_of_distribution,microsoft/phi-2,0.3
3,pca-g,dbpedia_14,amazon_polarity,out_of_distribution,microsoft/phi-2,0.8
3,pca-g,dbpedia_14,arc_easy,out_of_distribution,microsoft/phi-2,0.4
3,pca-g,dbpedia_14,boolq,out_of_distribution,microsoft/phi-2,0.5
3,pca-g,dbpedia_14,dbpedia_14,in_distribution,microsoft/phi-2,0.5
3,pca-g,dbpedia_14,facts,out_of_distribution,microsoft/phi-2,0.6
3,pca-g,dbpedia_14,repeng_truthful,out_of_distribution,microsoft/phi-2,0.5
3,pca-g,dbpedia_14,truthful_qa,out_of_distribution,microsoft/phi-2,0.3
4,dim,dbpedia_14,amazon_polarity,out_of_distribution,microsoft/phi-2,0.3
4,dim,dbpedia_14,arc_easy,out_of_distribution,microsoft/phi-2,0.4
4,dim,dbpedia_14,boolq,out_of_distribution,microsoft/phi-2,0.5
4,dim,dbpedia_14,dbpedia_14,in_distribution,microsoft/phi-2,0.7
4,dim,dbpedia_14,facts,out_of_distribution,microsoft/phi-2,0.8
4,dim,dbpedia_14,repeng_truthful,out_of_distribution,microsoft/phi-2,0.7
4,dim,dbpedia_14,truthful_qa,out_of_distribution,microsoft/phi-2,0.3
4,lat,dbpedia_14,amazon_polarity,out_of_distribution,microsoft/phi-2,0.6
4,lat,dbpedia_14,arc_easy,out_of_distribution,microsoft/phi-2,0.2
4,lat,dbpedia_14,boolq,out_of_distribution,microsoft/phi-2,0.5
4,lat,dbpedia_14,dbpedia_14,in_distribution,microsoft/phi-2,0.3
4,lat,dbpedia_14,facts,out_of_distribution,microsoft/phi-2,0.4
4,lat,dbpedia_14,repeng_truthful,out_of_distribution,microsoft/phi-2,0.3
4,lat,dbpedia_14,truthful_qa,out_of_distribution,microsoft/phi-2,0.1
4,lr,dbpedia_14,amazon_polarity,out_of_distribution,microsoft/phi-2,0.6
4,lr,dbpedia_14,arc_easy,out_of_distribution,microsoft/phi-2,0.5
4,lr,dbpedia_14,boolq,out_of_distribution,microsoft/phi-2,0.5
4,lr,dbpedia_14,dbpedia_14,in_distribution,microsoft/phi-2,0.9
4,lr,dbpedia_14,facts,out_of_distribution,microsoft/phi-2,0.8
4,lr,dbpedia_14,repeng_truthful,out_of_distribution,microsoft/phi-2,0.4
4,lr,dbpedia_14,truthful_qa,out_of_distribution,microsoft/phi-2,0.4
4,pca-g,dbpedia_14,amazon_polarity,out_of_distribution,microsoft/phi-2,0.4
4,pca-g,dbpedia_14,arc_easy,out_of_distribution,microsoft/phi-2,0.5
4,pca-g,dbpedia_14,boolq,out_of_distribution,microsoft/phi-2,0.5
4,pca-g,dbpedia_14,dbpedia_14,in_distribution,microsoft/phi-2,0.4
4,pca-g,dbpedia_14,facts,out_of_distribution,microsoft/phi-2,0.4
4,pca-g,dbpedia_14,repeng_truthful,out_of_distribution,microsoft/phi-2,0.7
4,pca-g,dbpedia_14,truthful_qa,out_of_distribution,microsoft/phi-2,0.4
5,dim,dbpedia_14,amazon_polarity,out_of_distribution,microsoft/phi-2,0.3
5,dim,dbpedia_14,arc_easy,out_of_distribution,microsoft/phi-2,0.4
5,dim,dbpedia_14,boolq,out_of_distribution,microsoft/phi-2,0.5
5,dim,dbpedia_14,dbpedia_14,in_distribution,microsoft/phi-2,0.8
5,dim,dbpedia_14,facts,out_of_distribution,microsoft/phi-2,0.8
5,dim,dbpedia_14,repeng_truthful,out_of_distribution,microsoft/phi-2,0.6
5,dim,dbpedia_14,truthful_qa,out_of_distribution,microsoft/phi-2,0.4
5,lat,dbpedia_14,amazon_polarity,out_of_distribution,microsoft/phi-2,0.6
5,lat,dbpedia_14,arc_easy,out_of_distribution,microsoft/phi-2,0.2
5,lat,dbpedia_14,boolq,out_of_distribution,microsoft/phi-2,0.5
5,lat,dbpedia_14,dbpedia_14,in_distribution,microsoft/phi-2,0.4
5,lat,dbpedia_14,facts,out_of_distribution,microsoft/phi-2,0.6
5,lat,dbpedia_14,repeng_truthful,out_of_distribution,microsoft/phi-2,0.4
5,lat,dbpedia_14,truthful_qa,out_of_distribution,microsoft/phi-2,0.1
5,lr,dbpedia_14,amazon_polarity,out_of_distribution,microsoft/phi-2,0.6
5,lr,dbpedia_14,arc_easy,out_of_distribution,microsoft/phi-2,0.5
5,lr,dbpedia_14,boolq,out_of_distribution,microsoft/phi-2,0.5
5,lr,dbpedia_14,dbpedia_14,in_distribution,microsoft/phi-2,0.9
5,lr,dbpedia_14,facts,out_of_distribution,microsoft/phi-2,1.0
5,lr,dbpedia_14,repeng_truthful,out_of_distribution,microsoft/phi-2,0.5
5,lr,dbpedia_14,truthful_qa,out_of_distribution,microsoft/phi-2,0.4
5,pca-g,dbpedia_14,amazon_polarity,out_of_distribution,microsoft/phi-2,0.6
5,pca-g,dbpedia_14,arc_easy,out_of_distribution,microsoft/phi-2,0.2
5,pca-g,dbpedia_14,boolq,out_of_distribution,microsoft/phi-2,0.5
5,pca-g,dbpedia_14,dbpedia_14,in_distribution,microsoft/phi-2,0.1
5,pca-g,dbpedia_14,facts,out_of_distribution,microsoft/phi-2,0.4
5,pca-g,dbpedia_14,repeng_truthful,out_of_distribution,microsoft/phi-2,0.3
5,pca-g,dbpedia_14,truthful_qa,out_of_distribution,microsoft/phi-2,0.2
6,dim,dbpedia_14,amazon_polarity,out_of_distribution,microsoft/phi-2,0.3
6,dim,dbpedia_14,arc_easy,out_of_distribution,microsoft/phi-2,0.4
6,dim,dbpedia_14,boolq,out_of_distribution,microsoft/phi-2,0.7
6,dim,dbpedia_14,dbpedia_14,in_distribution,microsoft/phi-2,0.8
6,dim,dbpedia_14,facts,out_of_distribution,microsoft/phi-2,1.0
6,dim,dbpedia_14,repeng_truthful,out_of_distribution,microsoft/phi-2,0.7
6,dim,dbpedia_14,truthful_qa,out_of_distribution,microsoft/phi-2,0.3
6,lat,dbpedia_14,amazon_polarity,out_of_distribution,microsoft/phi-2,0.6
6,lat,dbpedia_14,arc_easy,out_of_distribution,microsoft/phi-2,0.3
6,lat,dbpedia_14,boolq,out_of_distribution,microsoft/phi-2,0.5
6,lat,dbpedia_14,dbpedia_14,in_distribution,microsoft/phi-2,0.1
6,lat,dbpedia_14,facts,out_of_distribution,microsoft/phi-2,0.6
6,lat,dbpedia_14,repeng_truthful,out_of_distribution,microsoft/phi-2,0.3
6,lat,dbpedia_14,truthful_qa,out_of_distribution,microsoft/phi-2,0.1
6,lr,dbpedia_14,amazon_polarity,out_of_distribution,microsoft/phi-2,0.6
6,lr,dbpedia_14,arc_easy,out_of_distribution,microsoft/phi-2,0.6
6,lr,dbpedia_14,boolq,out_of_distribution,microsoft/phi-2,0.6
6,lr,dbpedia_14,dbpedia_14,in_distribution,microsoft/phi-2,0.9
6,lr,dbpedia_14,facts,out_of_distribution,microsoft/phi-2,1.0
6,lr,dbpedia_14,repeng_truthful,out_of_distribution,microsoft/phi-2,0.7
6,lr,dbpedia_14,truthful_qa,out_of_distribution,microsoft/phi-2,0.4
6,pca-g,dbpedia_14,amazon_polarity,out_of_distribution,microsoft/phi-2,0.6
6,pca-g,dbpedia_14,arc_easy,out_of_distribution,microsoft/phi-2,0.2
6,pca-g,dbpedia_14,boolq,out_of_distribution,microsoft/phi-2,0.5
6,pca-g,dbpedia_14,dbpedia_14,in_distribution,microsoft/phi-2,0.1
6,pca-g,dbpedia_14,facts,out_of_distribution,microsoft/phi-2,0.6
6,pca-g,dbpedia_14,repeng_truthful,out_of_distribution,microsoft/phi-2,0.4
6,pca-g,dbpedia_14,truthful_qa,out_of_distribution,microsoft/phi-2,0.1
7,dim,dbpedia_14,amazon_polarity,out_of_distribution,microsoft/phi-2,0.6
7,dim,dbpedia_14,arc_easy,out_of_distribution,microsoft/phi-2,0.5
7,dim,dbpedia_14,boolq,out_of_distribution,microsoft/phi-2,0.6
7,dim,dbpedia_14,dbpedia_14,in_distribution,microsoft/phi-2,0.9
7,dim,dbpedia_14,facts,out_of_distribution,microsoft/phi-2,0.8
7,dim,dbpedia_14,repeng_truthful,out_of_distribution,microsoft/phi-2,0.7
7,dim,dbpedia_14,truthful_qa,out_of_distribution,microsoft/phi-2,0.4
7,lat,dbpedia_14,amazon_polarity,out_of_distribution,microsoft/phi-2,0.6
7,lat,dbpedia_14,arc_easy,out_of_distribution,microsoft/phi-2,0.3
7,lat,dbpedia_14,boolq,out_of_distribution,microsoft/phi-2,0.5
7,lat,dbpedia_14,dbpedia_14,in_distribution,microsoft/phi-2,0.1
7,lat,dbpedia_14,facts,out_of_distribution,microsoft/phi-2,0.8
7,lat,dbpedia_14,repeng_truthful,out_of_distribution,microsoft/phi-2,0.3
7,lat,dbpedia_14,truthful_qa,out_of_distribution,microsoft/phi-2,0.1
7,lr,dbpedia_14,amazon_polarity,out_of_distribution,microsoft/phi-2,0.6
7,lr,dbpedia_14,arc_easy,out_of_distribution,microsoft/phi-2,0.6
7,lr,dbpedia_14,boolq,out_of_distribution,microsoft/phi-2,0.5
7,lr,dbpedia_14,dbpedia_14,in_distribution,microsoft/phi-2,0.9
7,lr,dbpedia_14,facts,out_of_distribution,microsoft/phi-2,1.0
7,lr,dbpedia_14,repeng_truthful,out_of_distribution,microsoft/phi-2,0.7
7,lr,dbpedia_14,truthful_qa,out_of_distribution,microsoft/phi-2,0.2
7,pca-g,dbpedia_14,amazon_polarity,out_of_distribution,microsoft/phi-2,0.6
7,pca-g,dbpedia_14,arc_easy,out_of_distribution,microsoft/phi-2,0.2
7,pca-g,dbpedia_14,boolq,out_of_distribution,microsoft/phi-2,0.5
7,pca-g,dbpedia_14,dbpedia_14,in_distribution,microsoft/phi-2,0.1
7,pca-g,dbpedia_14,facts,out_of_distribution,microsoft/phi-2,0.2
7,pca-g,dbpedia_14,repeng_truthful,out_of_distribution,microsoft/phi-2,0.5
7,pca-g,dbpedia_14,truthful_qa,out_of_distribution,microsoft/phi-2,0.1
8,dim,dbpedia_14,amazon_polarity,out_of_distribution,microsoft/phi-2,0.6
8,dim,dbpedia_14,arc_easy,out_of_distribution,microsoft/phi-2,0.6
8,dim,dbpedia_14,boolq,out_of_distribution,microsoft/phi-2,0.5
8,dim,dbpedia_14,dbpedia_14,in_distribution,microsoft/phi-2,0.9
8,dim,dbpedia_14,facts,out_of_distribution,microsoft/phi-2,1.0
8,dim,dbpedia_14,repeng_truthful,out_of_distribution,microsoft/phi-2,0.6
8,dim,dbpedia_14,truthful_qa,out_of_distribution,microsoft/phi-2,0.1
8,lat,dbpedia_14,amazon_polarity,out_of_distribution,microsoft/phi-2,0.6
8,lat,dbpedia_14,arc_easy,out_of_distribution,microsoft/phi-2,0.3
8,lat,dbpedia_14,boolq,out_of_distribution,microsoft/phi-2,0.5
8,lat,dbpedia_14,dbpedia_14,in_distribution,microsoft/phi-2,0.1
8,lat,dbpedia_14,facts,out_of_distribution,microsoft/phi-2,0.8
8,lat,dbpedia_14,repeng_truthful,out_of_distribution,microsoft/phi-2,0.4
8,lat,dbpedia_14,truthful_qa,out_of_distribution,microsoft/phi-2,0.1
8,lr,dbpedia_14,amazon_polarity,out_of_distribution,microsoft/phi-2,0.6
8,lr,dbpedia_14,arc_easy,out_of_distribution,microsoft/phi-2,0.8
8,lr,dbpedia_14,boolq,out_of_distribution,microsoft/phi-2,0.5
8,lr,dbpedia_14,dbpedia_14,in_distribution,microsoft/phi-2,0.9
8,lr,dbpedia_14,facts,out_of_distribution,microsoft/phi-2,1.0
8,lr,dbpedia_14,repeng_truthful,out_of_distribution,microsoft/phi-2,0.6
8,lr,dbpedia_14,truthful_qa,out_of_distribution,microsoft/phi-2,0.1
8,pca-g,dbpedia_14,amazon_polarity,out_of_distribution,microsoft/phi-2,0.6
8,pca-g,dbpedia_14,arc_easy,out_of_distribution,microsoft/phi-2,0.1
8,pca-g,dbpedia_14,boolq,out_of_distribution,microsoft/phi-2,0.5
8,pca-g,dbpedia_14,dbpedia_14,in_distribution,microsoft/phi-2,0.1
8,pca-g,dbpedia_14,facts,out_of_distribution,microsoft/phi-2,0.6
8,pca-g,dbpedia_14,repeng_truthful,out_of_distribution,microsoft/phi-2,0.5
8,pca-g,dbpedia_14,truthful_qa,out_of_distribution,microsoft/phi-2,0.1
9,dim,dbpedia_14,amazon_polarity,out_of_distribution,microsoft/phi-2,0.6
9,dim,dbpedia_14,arc_easy,out_of_distribution,microsoft/phi-2,0.5
9,dim,dbpedia_14,boolq,out_of_distribution,microsoft/phi-2,0.5
9,dim,dbpedia_14,dbpedia_14,in_distribution,microsoft/phi-2,0.9
9,dim,dbpedia_14,facts,out_of_distribution,microsoft/phi-2,1.0
9,dim,dbpedia_14,repeng_truthful,out_of_distribution,microsoft/phi-2,0.5
9,dim,dbpedia_14,truthful_qa,out_of_distribution,microsoft/phi-2,0.1
9,lat,dbpedia_14,amazon_polarity,out_of_distribution,microsoft/phi-2,0.6
9,lat,dbpedia_14,arc_easy,out_of_distribution,microsoft/phi-2,0.2
9,lat,dbpedia_14,boolq,out_of_distribution,microsoft/phi-2,0.5
9,lat,dbpedia_14,dbpedia_14,in_distribution,microsoft/phi-2,0.1
9,lat,dbpedia_14,facts,out_of_distribution,microsoft/phi-2,0.8
9,lat,dbpedia_14,repeng_truthful,out_of_distribution,microsoft/phi-2,0.2
9,lat,dbpedia_14,truthful_qa,out_of_distribution,microsoft/phi-2,0.1
9,lr,dbpedia_14,amazon_polarity,out_of_distribution,microsoft/phi-2,0.6
9,lr,dbpedia_14,arc_easy,out_of_distribution,microsoft/phi-2,0.6
9,lr,dbpedia_14,boolq,out_of_distribution,microsoft/phi-2,0.5
9,lr,dbpedia_14,dbpedia_14,in_distribution,microsoft/phi-2,0.9
9,lr,dbpedia_14,facts,out_of_distribution,microsoft/phi-2,1.0
9,lr,dbpedia_14,repeng_truthful,out_of_distribution,microsoft/phi-2,0.5
9,lr,dbpedia_14,truthful_qa,out_of_distribution,microsoft/phi-2,0.1
9,pca-g,dbpedia_14,amazon_polarity,out_of_distribution,microsoft/phi-2,0.6
9,pca-g,dbpedia_14,arc_easy,out_of_distribution,microsoft/phi-2,0.1
9,pca-g,dbpedia_14,boolq,out_of_distribution,microsoft/phi-2,0.5
9,pca-g,dbpedia_14,dbpedia_14,in_distribution,microsoft/phi-2,0.1
9,pca-g,dbpedia_14,facts,out_of_distribution,microsoft/phi-2,0.6
9,pca-g,dbpedia_14,repeng_truthful,out_of_distribution,microsoft/phi-2,0.5
9,pca-g,dbpedia_14,truthful_qa,out_of_distribution,microsoft/phi-2,0.1
10,dim,dbpedia_14,amazon_polarity,out_of_distribution,microsoft/phi-2,0.6
10,dim,dbpedia_14,arc_easy,out_of_distribution,microsoft/phi-2,0.6
10,dim,dbpedia_14,boolq,out_of_distribution,microsoft/phi-2,0.5
10,dim,dbpedia_14,dbpedia_14,in_distribution,microsoft/phi-2,0.9
10,dim,dbpedia_14,facts,out_of_distribution,microsoft/phi-2,1.0
10,dim,dbpedia_14,repeng_truthful,out_of_distribution,microsoft/phi-2,0.7
10,dim,dbpedia_14,truthful_qa,out_of_distribution,microsoft/phi-2,0.2
10,lat,dbpedia_14,amazon_polarity,out_of_distribution,microsoft/phi-2,0.6
10,lat,dbpedia_14,arc_easy,out_of_distribution,microsoft/phi-2,0.4
10,lat,dbpedia_14,boolq,out_of_distribution,microsoft/phi-2,0.5
10,lat,dbpedia_14,dbpedia_14,in_distribution,microsoft/phi-2,0.2
10,lat,dbpedia_14,facts,out_of_distribution,microsoft/phi-2,0.6
10,lat,dbpedia_14,repeng_truthful,out_of_distribution,microsoft/phi-2,0.3
10,lat,dbpedia_14,truthful_qa,out_of_distribution,microsoft/phi-2,0.1
10,lr,dbpedia_14,amazon_polarity,out_of_distribution,microsoft/phi-2,0.6
10,lr,dbpedia_14,arc_easy,out_of_distribution,microsoft/phi-2,0.5
10,lr,dbpedia_14,boolq,out_of_distribution,microsoft/phi-2,0.5
10,lr,dbpedia_14,dbpedia_14,in_distribution,microsoft/phi-2,0.9
10,lr,dbpedia_14,facts,out_of_distribution,microsoft/phi-2,1.0
10,lr,dbpedia_14,repeng_truthful,out_of_distribution,microsoft/phi-2,0.6
10,lr,dbpedia_14,truthful_qa,out_of_distribution,microsoft/phi-2,0.1
10,pca-g,dbpedia_14,amazon_polarity,out_of_distribution,microsoft/phi-2,0.6
10,pca-g,dbpedia_14,arc_easy,out_of_distribution,microsoft/phi-2,0.1
10,pca-g,dbpedia_14,boolq,out_of_distribution,microsoft/phi-2,0.5
10,pca-g,dbpedia_14,dbpedia_14,in_distribution,microsoft/phi-2,0.0
10,pca-g,dbpedia_14,facts,out_of_distribution,microsoft/phi-2,0.6
10,pca-g,dbpedia_14,repeng_truthful,out_of_distribution,microsoft/phi-2,0.5
10,pca-g,dbpedia_14,truthful_qa,out_of_distribution,microsoft/phi-2,0.1
11,dim,dbpedia_14,amazon_polarity,out_of_distribution,microsoft/phi-2,0.6
11,dim,dbpedia_14,arc_easy,out_of_distribution,microsoft/phi-2,0.7
11,dim,dbpedia_14,boolq,out_of_distribution,microsoft/phi-2,0.5
11,dim,dbpedia_14,dbpedia_14,in_distribution,microsoft/phi-2,0.9
11,dim,dbpedia_14,facts,out_of_distribution,microsoft/phi-2,1.0
11,dim,dbpedia_14,repeng_truthful,out_of_distribution,microsoft/phi-2,0.7
11,dim,dbpedia_14,truthful_qa,out_of_distribution,microsoft/phi-2,0.2
11,lat,dbpedia_14,amazon_polarity,out_of_distribution,microsoft/phi-2,0.6
11,lat,dbpedia_14,arc_easy,out_of_distribution,microsoft/phi-2,0.4
11,lat,dbpedia_14,boolq,out_of_distribution,microsoft/phi-2,0.5
11,lat,dbpedia_14,dbpedia_14,in_distribution,microsoft/phi-2,0.2
11,lat,dbpedia_14,facts,out_of_distribution,microsoft/phi-2,0.6
11,lat,dbpedia_14,repeng_truthful,out_of_distribution,microsoft/phi-2,0.5
11,lat,dbpedia_14,truthful_qa,out_of_distribution,microsoft/phi-2,0.1
11,lr,dbpedia_14,amazon_polarity,out_of_distribution,microsoft/phi-2,0.6
11,lr,dbpedia_14,arc_easy,out_of_distribution,microsoft/phi-2,0.6
11,lr,dbpedia_14,boolq,out_of_distribution,microsoft/phi-2,0.5
11,lr,dbpedia_14,dbpedia_14,in_distribution,microsoft/phi-2,0.9
11,lr,dbpedia_14,facts,out_of_distribution,microsoft/phi-2,1.0
11,lr,dbpedia_14,repeng_truthful,out_of_distribution,microsoft/phi-2,0.6
11,lr,dbpedia_14,truthful_qa,out_of_distribution,microsoft/phi-2,0.1
11,pca-g,dbpedia_14,amazon_polarity,out_of_distribution,microsoft/phi-2,0.6
11,pca-g,dbpedia_14,arc_easy,out_of_distribution,microsoft/phi-2,0.2
11,pca-g,dbpedia_14,boolq,out_of_distribution,microsoft/phi-2,0.5
11,pca-g,dbpedia_14,dbpedia_14,in_distribution,microsoft/phi-2,0.0
11,pca-g,dbpedia_14,facts,out_of_distribution,microsoft/phi-2,0.4
11,pca-g,dbpedia_14,repeng_truthful,out_of_distribution,microsoft/phi-2,0.5
11,pca-g,dbpedia_14,truthful_qa,out_of_distribution,microsoft/phi-2,0.2
12,dim,dbpedia_14,amazon_polarity,out_of_distribution,microsoft/phi-2,0.8
12,dim,dbpedia_14,arc_easy,out_of_distribution,microsoft/phi-2,0.7
12,dim,dbpedia_14,boolq,out_of_distribution,microsoft/phi-2,0.5
12,dim,dbpedia_14,dbpedia_14,in_distribution,microsoft/phi-2,0.9
12,dim,dbpedia_14,facts,out_of_distribution,microsoft/phi-2,1.0
12,dim,dbpedia_14,repeng_truthful,out_of_distribution,microsoft/phi-2,0.7
12,dim,dbpedia_14,truthful_qa,out_of_distribution,microsoft/phi-2,0.4
12,lat,dbpedia_14,amazon_polarity,out_of_distribution,microsoft/phi-2,0.6
12,lat,dbpedia_14,arc_easy,out_of_distribution,microsoft/phi-2,0.4
12,lat,dbpedia_14,boolq,out_of_distribution,microsoft/phi-2,0.5
12,lat,dbpedia_14,dbpedia_14,in_distribution,microsoft/phi-2,0.1
12,lat,dbpedia_14,facts,out_of_distribution,microsoft/phi-2,0.6
12,lat,dbpedia_14,repeng_truthful,out_of_distribution,microsoft/phi-2,0.4
12,lat,dbpedia_14,truthful_qa,out_of_distribution,microsoft/phi-2,0.2
12,lr,dbpedia_14,amazon_polarity,out_of_distribution,microsoft/phi-2,0.6
12,lr,dbpedia_14,arc_easy,out_of_distribution,microsoft/phi-2,0.7
12,lr,dbpedia_14,boolq,out_of_distribution,microsoft/phi-2,0.5
12,lr,dbpedia_14,dbpedia_14,in_distribution,microsoft/phi-2,0.9
12,lr,dbpedia_14,facts,out_of_distribution,microsoft/phi-2,1.0
12,lr,dbpedia_14,repeng_truthful,out_of_distribution,microsoft/phi-2,0.6
12,lr,dbpedia_14,truthful_qa,out_of_distribution,microsoft/phi-2,0.2
12,pca-g,dbpedia_14,amazon_polarity,out_of_distribution,microsoft/phi-2,0.6
12,pca-g,dbpedia_14,arc_easy,out_of_distribution,microsoft/phi-2,0.3
12,pca-g,dbpedia_14,boolq,out_of_distribution,microsoft/phi-2,0.5
12,pca-g,dbpedia_14,dbpedia_14,in_distribution,microsoft/phi-2,0.0
12,pca-g,dbpedia_14,facts,out_of_distribution,microsoft/phi-2,0.4
12,pca-g,dbpedia_14,repeng_truthful,out_of_distribution,microsoft/phi-2,0.2
12,pca-g,dbpedia_14,truthful_qa,out_of_distribution,microsoft/phi-2,0.4
13,dim,dbpedia_14,amazon_polarity,out_of_distribution,microsoft/phi-2,0.7
13,dim,dbpedia_14,arc_easy,out_of_distribution,microsoft/phi-2,0.8
13,dim,dbpedia_14,boolq,out_of_distribution,microsoft/phi-2,0.5
13,dim,dbpedia_14,dbpedia_14,in_distribution,microsoft/phi-2,0.9
13,dim,dbpedia_14,facts,out_of_distribution,microsoft/phi-2,1.0
13,dim,dbpedia_14,repeng_truthful,out_of_distribution,microsoft/phi-2,0.8
13,dim,dbpedia_14,truthful_qa,out_of_distribution,microsoft/phi-2,0.4
13,lat,dbpedia_14,amazon_polarity,out_of_distribution,microsoft/phi-2,0.6
13,lat,dbpedia_14,arc_easy,out_of_distribution,microsoft/phi-2,0.4
13,lat,dbpedia_14,boolq,out_of_distribution,microsoft/phi-2,0.5
13,lat,dbpedia_14,dbpedia_14,in_distribution,microsoft/phi-2,0.4
13,lat,dbpedia_14,facts,out_of_distribution,microsoft/phi-2,0.8
13,lat,dbpedia_14,repeng_truthful,out_of_distribution,microsoft/phi-2,0.4
13,lat,dbpedia_14,truthful_qa,out_of_distribution,microsoft/phi-2,0.2
13,lr,dbpedia_14,amazon_polarity,out_of_distribution,microsoft/phi-2,0.7
13,lr,dbpedia_14,arc_easy,out_of_distribution,microsoft/phi-2,0.9
13,lr,dbpedia_14,boolq,out_of_distribution,microsoft/phi-2,0.5
13,lr,dbpedia_14,dbpedia_14,in_distribution,microsoft/phi-2,0.9
13,lr,dbpedia_14,facts,out_of_distribution,microsoft/phi-2,1.0
13,lr,dbpedia_14,repeng_truthful,out_of_distribution,microsoft/phi-2,0.7
13,lr,dbpedia_14,truthful_qa,out_of_distribution,microsoft/phi-2,0.2
13,pca-g,dbpedia_14,amazon_polarity,out_of_distribution,microsoft/phi-2,0.4
13,pca-g,dbpedia_14,arc_easy,out_of_distribution,microsoft/phi-2,0.2
13,pca-g,dbpedia_14,boolq,out_of_distribution,microsoft/phi-2,0.5
13,pca-g,dbpedia_14,dbpedia_14,in_distribution,microsoft/phi-2,0.4
13,pca-g,dbpedia_14,facts,out_of_distribution,microsoft/phi-2,0.8
13,pca-g,dbpedia_14,repeng_truthful,out_of_distribution,microsoft/phi-2,0.8
13,pca-g,dbpedia_14,truthful_qa,out_of_distribution,microsoft/phi-2,0.2
14,dim,dbpedia_14,amazon_polarity,out_of_distribution,microsoft/phi-2,1.0
14,dim,dbpedia_14,arc_easy,out_of_distribution,microsoft/phi-2,0.9
14,dim,dbpedia_14,boolq,out_of_distribution,microsoft/phi-2,0.5
14,dim,dbpedia_14,dbpedia_14,in_distribution,microsoft/phi-2,0.9
14,dim,dbpedia_14,facts,out_of_distribution,microsoft/phi-2,1.0
14,dim,dbpedia_14,repeng_truthful,out_of_distribution,microsoft/phi-2,0.6
14,dim,dbpedia_14,truthful_qa,out_of_distribution,microsoft/phi-2,0.4
14,lat,dbpedia_14,amazon_polarity,out_of_distribution,microsoft/phi-2,0.6
14,lat,dbpedia_14,arc_easy,out_of_distribution,microsoft/phi-2,0.4
14,lat,dbpedia_14,boolq,out_of_distribution,microsoft/phi-2,0.5
14,lat,dbpedia_14,dbpedia_14,in_distribution,microsoft/phi-2,0.3
14,lat,dbpedia_14,facts,out_of_distribution,microsoft/phi-2,0.8
14,lat,dbpedia_14,repeng_truthful,out_of_distribution,microsoft/phi-2,0.4
14,lat,dbpedia_14,truthful_qa,out_of_distribution,microsoft/phi-2,0.2
14,lr,dbpedia_14,amazon_polarity,out_of_distribution,microsoft/phi-2,0.8
14,lr,dbpedia_14,arc_easy,out_of_distribution,microsoft/phi-2,0.9
14,lr,dbpedia_14,boolq,out_of_distribution,microsoft/phi-2,0.5
14,lr,dbpedia_14,dbpedia_14,in_distribution,microsoft/phi-2,0.9
14,lr,dbpedia_14,facts,out_of_distribution,microsoft/phi-2,1.0
14,lr,dbpedia_14,repeng_truthful,out_of_distribution,microsoft/phi-2,0.6
14,lr,dbpedia_14,truthful_qa,out_of_distribution,microsoft/phi-2,0.2
14,pca-g,dbpedia_14,amazon_polarity,out_of_distribution,microsoft/phi-2,0.5
14,pca-g,dbpedia_14,arc_easy,out_of_distribution,microsoft/phi-2,0.2
14,pca-g,dbpedia_14,boolq,out_of_distribution,microsoft/phi-2,0.5
14,pca-g,dbpedia_14,dbpedia_14,in_distribution,microsoft/phi-2,0.4
14,pca-g,dbpedia_14,facts,out_of_distribution,microsoft/phi-2,0.8
14,pca-g,dbpedia_14,repeng_truthful,out_of_distribution,microsoft/phi-2,0.8
14,pca-g,dbpedia_14,truthful_qa,out_of_distribution,microsoft/phi-2,0.3
15,dim,dbpedia_14,amazon_polarity,out_of_distribution,microsoft/phi-2,1.0
15,dim,dbpedia_14,arc_easy,out_of_distribution,microsoft/phi-2,0.9
15,dim,dbpedia_14,boolq,out_of_distribution,microsoft/phi-2,0.8
15,dim,dbpedia_14,dbpedia_14,in_distribution,microsoft/phi-2,0.9
15,dim,dbpedia_14,facts,out_of_distribution,microsoft/phi-2,1.0
15,dim,dbpedia_14,repeng_truthful,out_of_distribution,microsoft/phi-2,0.8
15,dim,dbpedia_14,truthful_qa,out_of_distribution,microsoft/phi-2,0.4
15,lat,dbpedia_14,amazon_polarity,out_of_distribution,microsoft/phi-2,0.6
15,lat,dbpedia_14,arc_easy,out_of_distribution,microsoft/phi-2,0.4
15,lat,dbpedia_14,boolq,out_of_distribution,microsoft/phi-2,0.5
15,lat,dbpedia_14,dbpedia_14,in_distribution,microsoft/phi-2,0.5
15,lat,dbpedia_14,facts,out_of_distribution,microsoft/phi-2,0.8
15,lat,dbpedia_14,repeng_truthful,out_of_distribution,microsoft/phi-2,0.4
15,lat,dbpedia_14,truthful_qa,out_of_distribution,microsoft/phi-2,0.2
15,lr,dbpedia_14,amazon_polarity,out_of_distribution,microsoft/phi-2,1.0
15,lr,dbpedia_14,arc_easy,out_of_distribution,microsoft/phi-2,0.9
15,lr,dbpedia_14,boolq,out_of_distribution,microsoft/phi-2,0.8
15,lr,dbpedia_14,dbpedia_14,in_distribution,microsoft/phi-2,0.9
15,lr,dbpedia_14,facts,out_of_distribution,microsoft/phi-2,1.0
15,lr,dbpedia_14,repeng_truthful,out_of_distribution,microsoft/phi-2,0.8
15,lr,dbpedia_14,truthful_qa,out_of_distribution,microsoft/phi-2,0.2
15,pca-g,dbpedia_14,amazon_polarity,out_of_distribution,microsoft/phi-2,1.0
15,pca-g,dbpedia_14,arc_easy,out_of_distribution,microsoft/phi-2,0.9
15,pca-g,dbpedia_14,boolq,out_of_distribution,microsoft/phi-2,0.6
15,pca-g,dbpedia_14,dbpedia_14,in_distribution,microsoft/phi-2,0.9
15,pca-g,dbpedia_14,facts,out_of_distribution,microsoft/phi-2,1.0
15,pca-g,dbpedia_14,repeng_truthful,out_of_distribution,microsoft/phi-2,0.9
15,pca-g,dbpedia_14,truthful_qa,out_of_distribution,microsoft/phi-2,0.2
16,dim,dbpedia_14,amazon_polarity,out_of_distribution,microsoft/phi-2,1.0
16,dim,dbpedia_14,arc_easy,out_of_distribution,microsoft/phi-2,0.9
16,dim,dbpedia_14,boolq,out_of_distribution,microsoft/phi-2,0.7
16,dim,dbpedia_14,dbpedia_14,in_distribution,microsoft/phi-2,0.9
16,dim,dbpedia_14,facts,out_of_distribution,microsoft/phi-2,1.0
16,dim,dbpedia_14,repeng_truthful,out_of_distribution,microsoft/phi-2,1.0
16,dim,dbpedia_14,truthful_qa,out_of_distribution,microsoft/phi-2,0.2
16,lat,dbpedia_14,amazon_polarity,out_of_distribution,microsoft/phi-2,0.4
16,lat,dbpedia_14,arc_easy,out_of_distribution,microsoft/phi-2,0.3
16,lat,dbpedia_14,boolq,out_of_distribution,microsoft/phi-2,0.5
16,lat,dbpedia_14,dbpedia_14,in_distribution,microsoft/phi-2,0.3
16,lat,dbpedia_14,facts,out_of_distribution,microsoft/phi-2,0.8
16,lat,dbpedia_14,repeng_truthful,out_of_distribution,microsoft/phi-2,0.5
16,lat,dbpedia_14,truthful_qa,out_of_distribution,microsoft/phi-2,0.4
16,lr,dbpedia_14,amazon_polarity,out_of_distribution,microsoft/phi-2,1.0
16,lr,dbpedia_14,arc_easy,out_of_distribution,microsoft/phi-2,0.9
16,lr,dbpedia_14,boolq,out_of_distribution,microsoft/phi-2,0.8
16,lr,dbpedia_14,dbpedia_14,in_distribution,microsoft/phi-2,0.9
16,lr,dbpedia_14,facts,out_of_distribution,microsoft/phi-2,1.0
16,lr,dbpedia_14,repeng_truthful,out_of_distribution,microsoft/phi-2,0.8
16,lr,dbpedia_14,truthful_qa,out_of_distribution,microsoft/phi-2,0.3
16,pca-g,dbpedia_14,amazon_polarity,out_of_distribution,microsoft/phi-2,1.0
16,pca-g,dbpedia_14,arc_easy,out_of_distribution,microsoft/phi-2,0.9
16,pca-g,dbpedia_14,boolq,out_of_distribution,microsoft/phi-2,0.7
16,pca-g,dbpedia_14,dbpedia_14,in_distribution,microsoft/phi-2,0.9
16,pca-g,dbpedia_14,facts,out_of_distribution,microsoft/phi-2,1.0
16,pca-g,dbpedia_14,repeng_truthful,out_of_distribution,microsoft/phi-2,1.0
16,pca-g,dbpedia_14,truthful_qa,out_of_distribution,microsoft/phi-2,0.3
17,dim,dbpedia_14,amazon_polarity,out_of_distribution,microsoft/phi-2,1.0
17,dim,dbpedia_14,arc_easy,out_of_distribution,microsoft/phi-2,0.9
17,dim,dbpedia_14,boolq,out_of_distribution,microsoft/phi-2,0.7
17,dim,dbpedia_14,dbpedia_14,in_distribution,microsoft/phi-2,0.9
17,dim,dbpedia_14,facts,out_of_distribution,microsoft/phi-2,1.0
17,dim,dbpedia_14,repeng_truthful,out_of_distribution,microsoft/phi-2,1.0
17,dim,dbpedia_14,truthful_qa,out_of_distribution,microsoft/phi-2,0.2
17,lat,dbpedia_14,amazon_polarity,out_of_distribution,microsoft/phi-2,0.4
17,lat,dbpedia_14,arc_easy,out_of_distribution,microsoft/phi-2,0.3
17,lat,dbpedia_14,boolq,out_of_distribution,microsoft/phi-2,0.7
17,lat,dbpedia_14,dbpedia_14,in_distribution,microsoft/phi-2,0.4
17,lat,dbpedia_14,facts,out_of_distribution,microsoft/phi-2,1.0
17,lat,dbpedia_14,repeng_truthful,out_of_distribution,microsoft/phi-2,0.9
17,lat,dbpedia_14,truthful_qa,out_of_distribution,microsoft/phi-2,0.4
17,lr,dbpedia_14,amazon_polarity,out_of_distribution,microsoft/phi-2,1.0
17,lr,dbpedia_14,arc_easy,out_of_distribution,microsoft/phi-2,0.9
17,lr,dbpedia_14,boolq,out_of_distribution,microsoft/phi-2,0.7
17,lr,dbpedia_14,dbpedia_14,in_distribution,microsoft/phi-2,0.9
17,lr,dbpedia_14,facts,out_of_distribution,microsoft/phi-2,1.0
17,lr,dbpedia_14,repeng_truthful,out_of_distribution,microsoft/phi-2,0.8
17,lr,dbpedia_14,truthful_qa,out_of_distribution,microsoft/phi-2,0.2
17,pca-g,dbpedia_14,amazon_polarity,out_of_distribution,microsoft/phi-2,1.0
17,pca-g,dbpedia_14,arc_easy,out_of_distribution,microsoft/phi-2,0.9
17,pca-g,dbpedia_14,boolq,out_of_distribution,microsoft/phi-2,0.7
17,pca-g,dbpedia_14,dbpedia_14,in_distribution,microsoft/phi-2,0.9
17,pca-g,dbpedia_14,facts,out_of_distribution,microsoft/phi-2,1.0
17,pca-g,dbpedia_14,repeng_truthful,out_of_distribution,microsoft/phi-2,1.0
17,pca-g,dbpedia_14,truthful_qa,out_of_distribution,microsoft/phi-2,0.3
18,dim,dbpedia_14,amazon_polarity,out_of_distribution,microsoft/phi-2,1.0
18,dim,dbpedia_14,arc_easy,out_of_distribution,microsoft/phi-2,0.9
18,dim,dbpedia_14,boolq,out_of_distribution,microsoft/phi-2,0.7
18,dim,dbpedia_14,dbpedia_14,in_distribution,microsoft/phi-2,0.9
18,dim,dbpedia_14,facts,out_of_distribution,microsoft/phi-2,1.0
18,dim,dbpedia_14,repeng_truthful,out_of_distribution,microsoft/phi-2,1.0
18,dim,dbpedia_14,truthful_qa,out_of_distribution,microsoft/phi-2,0.4
18,lat,dbpedia_14,amazon_polarity,out_of_distribution,microsoft/phi-2,0.4
18,lat,dbpedia_14,arc_easy,out_of_distribution,microsoft/phi-2,0.4
18,lat,dbpedia_14,boolq,out_of_distribution,microsoft/phi-2,0.6
18,lat,dbpedia_14,dbpedia_14,in_distribution,microsoft/phi-2,0.3
18,lat,dbpedia_14,facts,out_of_distribution,microsoft/phi-2,0.8
18,lat,dbpedia_14,repeng_truthful,out_of_distribution,microsoft/phi-2,0.9
18,lat,dbpedia_14,truthful_qa,out_of_distribution,microsoft/phi-2,0.4
18,lr,dbpedia_14,amazon_polarity,out_of_distribution,microsoft/phi-2,1.0
18,lr,dbpedia_14,arc_easy,out_of_distribution,microsoft/phi-2,0.9
18,lr,dbpedia_14,boolq,out_of_distribution,microsoft/phi-2,0.8
18,lr,dbpedia_14,dbpedia_14,in_distribution,microsoft/phi-2,0.9
18,lr,dbpedia_14,facts,out_of_distribution,microsoft/phi-2,1.0
18,lr,dbpedia_14,repeng_truthful,out_of_distribution,microsoft/phi-2,0.8
18,lr,dbpedia_14,truthful_qa,out_of_distribution,microsoft/phi-2,0.3
18,pca-g,dbpedia_14,amazon_polarity,out_of_distribution,microsoft/phi-2,1.0
18,pca-g,dbpedia_14,arc_easy,out_of_distribution,microsoft/phi-2,0.9
18,pca-g,dbpedia_14,boolq,out_of_distribution,microsoft/phi-2,0.7
18,pca-g,dbpedia_14,dbpedia_14,in_distribution,microsoft/phi-2,0.9
18,pca-g,dbpedia_14,facts,out_of_distribution,microsoft/phi-2,1.0
18,pca-g,dbpedia_14,repeng_truthful,out_of_distribution,microsoft/phi-2,1.0
18,pca-g,dbpedia_14,truthful_qa,out_of_distribution,microsoft/phi-2,0.4
19,dim,dbpedia_14,amazon_polarity,out_of_distribution,microsoft/phi-2,1.0
19,dim,dbpedia_14,arc_easy,out_of_distribution,microsoft/phi-2,0.9
19,dim,dbpedia_14,boolq,out_of_distribution,microsoft/phi-2,0.7
19,dim,dbpedia_14,dbpedia_14,in_distribution,microsoft/phi-2,0.9
19,dim,dbpedia_14,facts,out_of_distribution,microsoft/phi-2,1.0
19,dim,dbpedia_14,repeng_truthful,out_of_distribution,microsoft/phi-2,0.9
19,dim,dbpedia_14,truthful_qa,out_of_distribution,microsoft/phi-2,0.3
19,lat,dbpedia_14,amazon_polarity,out_of_distribution,microsoft/phi-2,0.4
19,lat,dbpedia_14,arc_easy,out_of_distribution,microsoft/phi-2,0.3
19,lat,dbpedia_14,boolq,out_of_distribution,microsoft/phi-2,0.6
19,lat,dbpedia_14,dbpedia_14,in_distribution,microsoft/phi-2,0.3
19,lat,dbpedia_14,facts,out_of_distribution,microsoft/phi-2,0.2
19,lat,dbpedia_14,repeng_truthful,out_of_distribution,microsoft/phi-2,0.8
19,lat,dbpedia_14,truthful_qa,out_of_distribution,microsoft/phi-2,0.2
19,lr,dbpedia_14,amazon_polarity,out_of_distribution,microsoft/phi-2,1.0
19,lr,dbpedia_14,arc_easy,out_of_distribution,microsoft/phi-2,0.9
19,lr,dbpedia_14,boolq,out_of_distribution,microsoft/phi-2,0.7
19,lr,dbpedia_14,dbpedia_14,in_distribution,microsoft/phi-2,0.9
19,lr,dbpedia_14,facts,out_of_distribution,microsoft/phi-2,1.0
19,lr,dbpedia_14,repeng_truthful,out_of_distribution,microsoft/phi-2,0.8
19,lr,dbpedia_14,truthful_qa,out_of_distribution,microsoft/phi-2,0.3
19,pca-g,dbpedia_14,amazon_polarity,out_of_distribution,microsoft/phi-2,1.0
19,pca-g,dbpedia_14,arc_easy,out_of_distribution,microsoft/phi-2,0.9
19,pca-g,dbpedia_14,boolq,out_of_distribution,microsoft/phi-2,0.8
19,pca-g,dbpedia_14,dbpedia_14,in_distribution,microsoft/phi-2,0.9
19,pca-g,dbpedia_14,facts,out_of_distribution,microsoft/phi-2,1.0
19,pca-g,dbpedia_14,repeng_truthful,out_of_distribution,microsoft/phi-2,0.9
19,pca-g,dbpedia_14,truthful_qa,out_of_distribution,microsoft/phi-2,0.3
20,dim,dbpedia_14,amazon_polarity,out_of_distribution,microsoft/phi-2,1.0
20,dim,dbpedia_14,arc_easy,out_of_distribution,microsoft/phi-2,0.9
20,dim,dbpedia_14,boolq,out_of_distribution,microsoft/phi-2,0.7
20,dim,dbpedia_14,dbpedia_14,in_distribution,microsoft/phi-2,0.9
20,dim,dbpedia_14,facts,out_of_distribution,microsoft/phi-2,1.0
20,dim,dbpedia_14,repeng_truthful,out_of_distribution,microsoft/phi-2,0.9
20,dim,dbpedia_14,truthful_qa,out_of_distribution,microsoft/phi-2,0.3
20,lat,dbpedia_14,amazon_polarity,out_of_distribution,microsoft/phi-2,0.8
20,lat,dbpedia_14,arc_easy,out_of_distribution,microsoft/phi-2,0.5
20,lat,dbpedia_14,boolq,out_of_distribution,microsoft/phi-2,0.5
20,lat,dbpedia_14,dbpedia_14,in_distribution,microsoft/phi-2,0.6
20,lat,dbpedia_14,facts,out_of_distribution,microsoft/phi-2,0.8
20,lat,dbpedia_14,repeng_truthful,out_of_distribution,microsoft/phi-2,0.8
20,lat,dbpedia_14,truthful_qa,out_of_distribution,microsoft/phi-2,0.3
20,lr,dbpedia_14,amazon_polarity,out_of_distribution,microsoft/phi-2,1.0
20,lr,dbpedia_14,arc_easy,out_of_distribution,microsoft/phi-2,0.9
20,lr,dbpedia_14,boolq,out_of_distribution,microsoft/phi-2,0.8
20,lr,dbpedia_14,dbpedia_14,in_distribution,microsoft/phi-2,0.9
20,lr,dbpedia_14,facts,out_of_distribution,microsoft/phi-2,1.0
20,lr,dbpedia_14,repeng_truthful,out_of_distribution,microsoft/phi-2,0.8
20,lr,dbpedia_14,truthful_qa,out_of_distribution,microsoft/phi-2,0.3
20,pca-g,dbpedia_14,amazon_polarity,out_of_distribution,microsoft/phi-2,1.0
20,pca-g,dbpedia_14,arc_easy,out_of_distribution,microsoft/phi-2,0.9
20,pca-g,dbpedia_14,boolq,out_of_distribution,microsoft/phi-2,0.8
20,pca-g,dbpedia_14,dbpedia_14,in_distribution,microsoft/phi-2,0.9
20,pca-g,dbpedia_14,facts,out_of_distribution,microsoft/phi-2,1.0
20,pca-g,dbpedia_14,repeng_truthful,out_of_distribution,microsoft/phi-2,0.9
20,pca-g,dbpedia_14,truthful_qa,out_of_distribution,microsoft/phi-2,0.3
21,dim,dbpedia_14,amazon_polarity,out_of_distribution,microsoft/phi-2,1.0
21,dim,dbpedia_14,arc_easy,out_of_distribution,microsoft/phi-2,0.9
21,dim,dbpedia_14,boolq,out_of_distribution,microsoft/phi-2,0.7
21,dim,dbpedia_14,dbpedia_14,in_distribution,microsoft/phi-2,0.9
21,dim,dbpedia_14,facts,out_of_distribution,microsoft/phi-2,1.0
21,dim,dbpedia_14,repeng_truthful,out_of_distribution,microsoft/phi-2,0.8
21,dim,dbpedia_14,truthful_qa,out_of_distribution,microsoft/phi-2,0.3
21,lat,dbpedia_14,amazon_polarity,out_of_distribution,microsoft/phi-2,0.8
21,lat,dbpedia_14,arc_easy,out_of_distribution,microsoft/phi-2,0.5
21,lat,dbpedia_14,boolq,out_of_distribution,microsoft/phi-2,0.5
21,lat,dbpedia_14,dbpedia_14,in_distribution,microsoft/phi-2,0.8
21,lat,dbpedia_14,facts,out_of_distribution,microsoft/phi-2,1.0
21,lat,dbpedia_14,repeng_truthful,out_of_distribution,microsoft/phi-2,0.8
21,lat,dbpedia_14,truthful_qa,out_of_distribution,microsoft/phi-2,0.3
21,lr,dbpedia_14,amazon_polarity,out_of_distribution,microsoft/phi-2,1.0
21,lr,dbpedia_14,arc_easy,out_of_distribution,microsoft/phi-2,0.9
21,lr,dbpedia_14,boolq,out_of_distribution,microsoft/phi-2,0.7
21,lr,dbpedia_14,dbpedia_14,in_distribution,microsoft/phi-2,0.9
21,lr,dbpedia_14,facts,out_of_distribution,microsoft/phi-2,1.0
21,lr,dbpedia_14,repeng_truthful,out_of_distribution,microsoft/phi-2,0.8
21,lr,dbpedia_14,truthful_qa,out_of_distribution,microsoft/phi-2,0.3
21,pca-g,dbpedia_14,amazon_polarity,out_of_distribution,microsoft/phi-2,1.0
21,pca-g,dbpedia_14,arc_easy,out_of_distribution,microsoft/phi-2,0.9
21,pca-g,dbpedia_14,boolq,out_of_distribution,microsoft/phi-2,0.8
21,pca-g,dbpedia_14,dbpedia_14,in_distribution,microsoft/phi-2,0.9
21,pca-g,dbpedia_14,facts,out_of_distribution,microsoft/phi-2,1.0
21,pca-g,dbpedia_14,repeng_truthful,out_of_distribution,microsoft/phi-2,0.8
21,pca-g,dbpedia_14,truthful_qa,out_of_distribution,microsoft/phi-2,0.3
22,dim,dbpedia_14,amazon_polarity,out_of_distribution,microsoft/phi-2,1.0
22,dim,dbpedia_14,arc_easy,out_of_distribution,microsoft/phi-2,0.9
22,dim,dbpedia_14,boolq,out_of_distribution,microsoft/phi-2,0.7
22,dim,dbpedia_14,dbpedia_14,in_distribution,microsoft/phi-2,0.9
22,dim,dbpedia_14,facts,out_of_distribution,microsoft/phi-2,1.0
22,dim,dbpedia_14,repeng_truthful,out_of_distribution,microsoft/phi-2,0.8
22,dim,dbpedia_14,truthful_qa,out_of_distribution,microsoft/phi-2,0.3
22,lat,dbpedia_14,amazon_polarity,out_of_distribution,microsoft/phi-2,1.0
22,lat,dbpedia_14,arc_easy,out_of_distribution,microsoft/phi-2,0.9
22,lat,dbpedia_14,boolq,out_of_distribution,microsoft/phi-2,0.6
22,lat,dbpedia_14,dbpedia_14,in_distribution,microsoft/phi-2,0.9
22,lat,dbpedia_14,facts,out_of_distribution,microsoft/phi-2,1.0
22,lat,dbpedia_14,repeng_truthful,out_of_distribution,microsoft/phi-2,0.9
22,lat,dbpedia_14,truthful_qa,out_of_distribution,microsoft/phi-2,0.3
22,lr,dbpedia_14,amazon_polarity,out_of_distribution,microsoft/phi-2,1.0
22,lr,dbpedia_14,arc_easy,out_of_distribution,microsoft/phi-2,0.9
22,lr,dbpedia_14,boolq,out_of_distribution,microsoft/phi-2,0.7
22,lr,dbpedia_14,dbpedia_14,in_distribution,microsoft/phi-2,0.9
22,lr,dbpedia_14,facts,out_of_distribution,microsoft/phi-2,1.0
22,lr,dbpedia_14,repeng_truthful,out_of_distribution,microsoft/phi-2,0.8
22,lr,dbpedia_14,truthful_qa,out_of_distribution,microsoft/phi-2,0.3
22,pca-g,dbpedia_14,amazon_polarity,out_of_distribution,microsoft/phi-2,1.0
22,pca-g,dbpedia_14,arc_easy,out_of_distribution,microsoft/phi-2,0.9
22,pca-g,dbpedia_14,boolq,out_of_distribution,microsoft/phi-2,0.7
22,pca-g,dbpedia_14,dbpedia_14,in_distribution,microsoft/phi-2,0.9
22,pca-g,dbpedia_14,facts,out_of_distribution,microsoft/phi-2,1.0
22,pca-g,dbpedia_14,repeng_truthful,out_of_distribution,microsoft/phi-2,0.8
22,pca-g,dbpedia_14,truthful_qa,out_of_distribution,microsoft/phi-2,0.3
23,dim,dbpedia_14,amazon_polarity,out_of_distribution,microsoft/phi-2,1.0
23,dim,dbpedia_14,arc_easy,out_of_distribution,microsoft/phi-2,0.9
23,dim,dbpedia_14,boolq,out_of_distribution,microsoft/phi-2,0.7
23,dim,dbpedia_14,dbpedia_14,in_distribution,microsoft/phi-2,0.9
23,dim,dbpedia_14,facts,out_of_distribution,microsoft/phi-2,1.0
23,dim,dbpedia_14,repeng_truthful,out_of_distribution,microsoft/phi-2,0.8
23,dim,dbpedia_14,truthful_qa,out_of_distribution,microsoft/phi-2,0.3
23,lat,dbpedia_14,amazon_polarity,out_of_distribution,microsoft/phi-2,1.0
23,lat,dbpedia_14,arc_easy,out_of_distribution,microsoft/phi-2,0.9
23,lat,dbpedia_14,boolq,out_of_distribution,microsoft/phi-2,0.8
23,lat,dbpedia_14,dbpedia_14,in_distribution,microsoft/phi-2,0.9
23,lat,dbpedia_14,facts,out_of_distribution,microsoft/phi-2,1.0
23,lat,dbpedia_14,repeng_truthful,out_of_distribution,microsoft/phi-2,0.8
23,lat,dbpedia_14,truthful_qa,out_of_distribution,microsoft/phi-2,0.3
23,lr,dbpedia_14,amazon_polarity,out_of_distribution,microsoft/phi-2,1.0
23,lr,dbpedia_14,arc_easy,out_of_distribution,microsoft/phi-2,0.9
23,lr,dbpedia_14,boolq,out_of_distribution,microsoft/phi-2,0.7
23,lr,dbpedia_14,dbpedia_14,in_distribution,microsoft/phi-2,0.9
23,lr,dbpedia_14,facts,out_of_distribution,microsoft/phi-2,1.0
23,lr,dbpedia_14,repeng_truthful,out_of_distribution,microsoft/phi-2,0.8
23,lr,dbpedia_14,truthful_qa,out_of_distribution,microsoft/phi-2,0.3
23,pca-g,dbpedia_14,amazon_polarity,out_of_distribution,microsoft/phi-2,1.0
23,pca-g,dbpedia_14,arc_easy,out_of_distribution,microsoft/phi-2,0.9
23,pca-g,dbpedia_14,boolq,out_of_distribution,microsoft/phi-2,0.7
23,pca-g,dbpedia_14,dbpedia_14,in_distribution,microsoft/phi-2,0.9
23,pca-g,dbpedia_14,facts,out_of_distribution,microsoft/phi-2,1.0
23,pca-g,dbpedia_14,repeng_truthful,out_of_distribution,microsoft/phi-2,0.8
23,pca-g,dbpedia_14,truthful_qa,out_of_distribution,microsoft/phi-2,0.3
24,dim,dbpedia_14,amazon_polarity,out_of_distribution,microsoft/phi-2,1.0
24,dim,dbpedia_14,arc_easy,out_of_distribution,microsoft/phi-2,0.9
24,dim,dbpedia_14,boolq,out_of_distribution,microsoft/phi-2,0.8
24,dim,dbpedia_14,dbpedia_14,in_distribution,microsoft/phi-2,0.9
24,dim,dbpedia_14,facts,out_of_distribution,microsoft/phi-2,1.0
24,dim,dbpedia_14,repeng_truthful,out_of_distribution,microsoft/phi-2,0.8
24,dim,dbpedia_14,truthful_qa,out_of_distribution,microsoft/phi-2,0.3
24,lat,dbpedia_14,amazon_polarity,out_of_distribution,microsoft/phi-2,1.0
24,lat,dbpedia_14,arc_easy,out_of_distribution,microsoft/phi-2,0.9
24,lat,dbpedia_14,boolq,out_of_distribution,microsoft/phi-2,0.8
24,lat,dbpedia_14,dbpedia_14,in_distribution,microsoft/phi-2,0.9
24,lat,dbpedia_14,facts,out_of_distribution,microsoft/phi-2,1.0
24,lat,dbpedia_14,repeng_truthful,out_of_distribution,microsoft/phi-2,0.8
24,lat,dbpedia_14,truthful_qa,out_of_distribution,microsoft/phi-2,0.3
24,lr,dbpedia_14,amazon_polarity,out_of_distribution,microsoft/phi-2,1.0
24,lr,dbpedia_14,arc_easy,out_of_distribution,microsoft/phi-2,0.9
24,lr,dbpedia_14,boolq,out_of_distribution,microsoft/phi-2,0.7
24,lr,dbpedia_14,dbpedia_14,in_distribution,microsoft/phi-2,0.9
24,lr,dbpedia_14,facts,out_of_distribution,microsoft/phi-2,1.0
24,lr,dbpedia_14,repeng_truthful,out_of_distribution,microsoft/phi-2,0.8
24,lr,dbpedia_14,truthful_qa,out_of_distribution,microsoft/phi-2,0.3
24,pca-g,dbpedia_14,amazon_polarity,out_of_distribution,microsoft/phi-2,1.0
24,pca-g,dbpedia_14,arc_easy,out_of_distribution,microsoft/phi-2,0.9
24,pca-g,dbpedia_14,boolq,out_of_distribution,microsoft/phi-2,0.8
24,pca-g,dbpedia_14,dbpedia_14,in_distribution,microsoft/phi-2,0.9
24,pca-g,dbpedia_14,facts,out_of_distribution,microsoft/phi-2,1.0
24,pca-g,dbpedia_14,repeng_truthful,out_of_distribution,microsoft/phi-2,0.8
24,pca-g,dbpedia_14,truthful_qa,out_of_distribution,microsoft/phi-2,0.3
25,dim,dbpedia_14,amazon_polarity,out_of_distribution,microsoft/phi-2,1.0
25,dim,dbpedia_14,arc_easy,out_of_distribution,microsoft/phi-2,0.9
25,dim,dbpedia_14,boolq,out_of_distribution,microsoft/phi-2,0.8
25,dim,dbpedia_14,dbpedia_14,in_distribution,microsoft/phi-2,0.9
25,dim,dbpedia_14,facts,out_of_distribution,microsoft/phi-2,1.0
25,dim,dbpedia_14,repeng_truthful,out_of_distribution,microsoft/phi-2,0.8
25,dim,dbpedia_14,truthful_qa,out_of_distribution,microsoft/phi-2,0.3
25,lat,dbpedia_14,amazon_polarity,out_of_distribution,microsoft/phi-2,1.0
25,lat,dbpedia_14,arc_easy,out_of_distribution,microsoft/phi-2,0.9
25,lat,dbpedia_14,boolq,out_of_distribution,microsoft/phi-2,0.8
25,lat,dbpedia_14,dbpedia_14,in_distribution,microsoft/phi-2,0.9
25,lat,dbpedia_14,facts,out_of_distribution,microsoft/phi-2,1.0
25,lat,dbpedia_14,repeng_truthful,out_of_distribution,microsoft/phi-2,0.8
25,lat,dbpedia_14,truthful_qa,out_of_distribution,microsoft/phi-2,0.3
25,lr,dbpedia_14,amazon_polarity,out_of_distribution,microsoft/phi-2,1.0
25,lr,dbpedia_14,arc_easy,out_of_distribution,microsoft/phi-2,0.9
25,lr,dbpedia_14,boolq,out_of_distribution,microsoft/phi-2,0.7
25,lr,dbpedia_14,dbpedia_14,in_distribution,microsoft/phi-2,0.9
25,lr,dbpedia_14,facts,out_of_distribution,microsoft/phi-2,1.0
25,lr,dbpedia_14,repeng_truthful,out_of_distribution,microsoft/phi-2,0.8
25,lr,dbpedia_14,truthful_qa,out_of_distribution,microsoft/phi-2,0.3
25,pca-g,dbpedia_14,amazon_polarity,out_of_distribution,microsoft/phi-2,1.0
25,pca-g,dbpedia_14,arc_easy,out_of_distribution,microsoft/phi-2,0.9
25,pca-g,dbpedia_14,boolq,out_of_distribution,microsoft/phi-2,0.8
25,pca-g,dbpedia_14,dbpedia_14,in_distribution,microsoft/phi-2,0.9
25,pca-g,dbpedia_14,facts,out_of_distribution,microsoft/phi-2,1.0
25,pca-g,dbpedia_14,repeng_truthful,out_of_distribution,microsoft/phi-2,0.8
25,pca-g,dbpedia_14,truthful_qa,out_of_distribution,microsoft/phi-2,0.3
26,dim,dbpedia_14,amazon_polarity,out_of_distribution,microsoft/phi-2,1.0
26,dim,dbpedia_14,arc_easy,out_of_distribution,microsoft/phi-2,0.9
26,dim,dbpedia_14,boolq,out_of_distribution,microsoft/phi-2,0.8
26,dim,dbpedia_14,dbpedia_14,in_distribution,microsoft/phi-2,0.9
26,dim,dbpedia_14,facts,out_of_distribution,microsoft/phi-2,1.0
26,dim,dbpedia_14,repeng_truthful,out_of_distribution,microsoft/phi-2,0.8
26,dim,dbpedia_14,truthful_qa,out_of_distribution,microsoft/phi-2,0.3
26,lat,dbpedia_14,amazon_polarity,out_of_distribution,microsoft/phi-2,1.0
26,lat,dbpedia_14,arc_easy,out_of_distribution,microsoft/phi-2,0.9
26,lat,dbpedia_14,boolq,out_of_distribution,microsoft/phi-2,0.8
26,lat,dbpedia_14,dbpedia_14,in_distribution,microsoft/phi-2,0.9
26,lat,dbpedia_14,facts,out_of_distribution,microsoft/phi-2,1.0
26,lat,dbpedia_14,repeng_truthful,out_of_distribution,microsoft/phi-2,0.8
26,lat,dbpedia_14,truthful_qa,out_of_distribution,microsoft/phi-2,0.3
26,lr,dbpedia_14,amazon_polarity,out_of_distribution,microsoft/phi-2,1.0
26,lr,dbpedia_14,arc_easy,out_of_distribution,microsoft/phi-2,0.9
26,lr,dbpedia_14,boolq,out_of_distribution,microsoft/phi-2,0.7
26,lr,dbpedia_14,dbpedia_14,in_distribution,microsoft/phi-2,0.9
26,lr,dbpedia_14,facts,out_of_distribution,microsoft/phi-2,1.0
26,lr,dbpedia_14,repeng_truthful,out_of_distribution,microsoft/phi-2,0.8
26,lr,dbpedia_14,truthful_qa,out_of_distribution,microsoft/phi-2,0.3
26,pca-g,dbpedia_14,amazon_polarity,out_of_distribution,microsoft/phi-2,1.0
26,pca-g,dbpedia_14,arc_easy,out_of_distribution,microsoft/phi-2,0.9
26,pca-g,dbpedia_14,boolq,out_of_distribution,microsoft/phi-2,0.8
26,pca-g,dbpedia_14,dbpedia_14,in_distribution,microsoft/phi-2,0.9
26,pca-g,dbpedia_14,facts,out_of_distribution,microsoft/phi-2,1.0
26,pca-g,dbpedia_14,repeng_truthful,out_of_distribution,microsoft/phi-2,0.8
26,pca-g,dbpedia_14,truthful_qa,out_of_distribution,microsoft/phi-2,0.3
27,dim,dbpedia_14,amazon_polarity,out_of_distribution,microsoft/phi-2,1.0
27,dim,dbpedia_14,arc_easy,out_of_distribution,microsoft/phi-2,0.9
27,dim,dbpedia_14,boolq,out_of_distribution,microsoft/phi-2,0.8
27,dim,dbpedia_14,dbpedia_14,in_distribution,microsoft/phi-2,0.9
27,dim,dbpedia_14,facts,out_of_distribution,microsoft/phi-2,1.0
27,dim,dbpedia_14,repeng_truthful,out_of_distribution,microsoft/phi-2,0.8
27,dim,dbpedia_14,truthful_qa,out_of_distribution,microsoft/phi-2,0.3
27,lat,dbpedia_14,amazon_polarity,out_of_distribution,microsoft/phi-2,1.0
27,lat,dbpedia_14,arc_easy,out_of_distribution,microsoft/phi-2,0.9
27,lat,dbpedia_14,boolq,out_of_distribution,microsoft/phi-2,0.8
27,lat,dbpedia_14,dbpedia_14,in_distribution,microsoft/phi-2,0.9
27,lat,dbpedia_14,facts,out_of_distribution,microsoft/phi-2,1.0
27,lat,dbpedia_14,repeng_truthful,out_of_distribution,microsoft/phi-2,0.9
27,lat,dbpedia_14,truthful_qa,out_of_distribution,microsoft/phi-2,0.3
27,lr,dbpedia_14,amazon_polarity,out_of_distribution,microsoft/phi-2,1.0
27,lr,dbpedia_14,arc_easy,out_of_distribution,microsoft/phi-2,0.9
27,lr,dbpedia_14,boolq,out_of_distribution,microsoft/phi-2,0.7
27,lr,dbpedia_14,dbpedia_14,in_distribution,microsoft/phi-2,0.9
27,lr,dbpedia_14,facts,out_of_distribution,microsoft/phi-2,1.0
27,lr,dbpedia_14,repeng_truthful,out_of_distribution,microsoft/phi-2,0.8
27,lr,dbpedia_14,truthful_qa,out_of_distribution,microsoft/phi-2,0.3
27,pca-g,dbpedia_14,amazon_polarity,out_of_distribution,microsoft/phi-2,1.0
27,pca-g,dbpedia_14,arc_easy,out_of_distribution,microsoft/phi-2,0.9
27,pca-g,dbpedia_14,boolq,out_of_distribution,microsoft/phi-2,0.8
27,pca-g,dbpedia_14,dbpedia_14,in_distribution,microsoft/phi-2,0.9
27,pca-g,dbpedia_14,facts,out_of_distribution,microsoft/phi-2,1.0
27,pca-g,dbpedia_14,repeng_truthful,out_of_distribution,microsoft/phi-2,0.8
27,pca-g,dbpedia_14,truthful_qa,out_of_distribution,microsoft/phi-2,0.3
28,dim,dbpedia_14,amazon_polarity,out_of_distribution,microsoft/phi-2,1.0
28,dim,dbpedia_14,arc_easy,out_of_distribution,microsoft/phi-2,0.9
28,dim,dbpedia_14,boolq,out_of_distribution,microsoft/phi-2,0.8
28,dim,dbpedia_14,dbpedia_14,in_distribution,microsoft/phi-2,0.9
28,dim,dbpedia_14,facts,out_of_distribution,microsoft/phi-2,1.0
28,dim,dbpedia_14,repeng_truthful,out_of_distribution,microsoft/phi-2,0.8
28,dim,dbpedia_14,truthful_qa,out_of_distribution,microsoft/phi-2,0.3
28,lat,dbpedia_14,amazon_polarity,out_of_distribution,microsoft/phi-2,1.0
28,lat,dbpedia_14,arc_easy,out_of_distribution,microsoft/phi-2,0.7
28,lat,dbpedia_14,boolq,out_of_distribution,microsoft/phi-2,0.7
28,lat,dbpedia_14,dbpedia_14,in_distribution,microsoft/phi-2,0.9
28,lat,dbpedia_14,facts,out_of_distribution,microsoft/phi-2,1.0
28,lat,dbpedia_14,repeng_truthful,out_of_distribution,microsoft/phi-2,0.8
28,lat,dbpedia_14,truthful_qa,out_of_distribution,microsoft/phi-2,0.2
28,lr,dbpedia_14,amazon_polarity,out_of_distribution,microsoft/phi-2,1.0
28,lr,dbpedia_14,arc_easy,out_of_distribution,microsoft/phi-2,0.9
28,lr,dbpedia_14,boolq,out_of_distribution,microsoft/phi-2,0.7
28,lr,dbpedia_14,dbpedia_14,in_distribution,microsoft/phi-2,0.9
28,lr,dbpedia_14,facts,out_of_distribution,microsoft/phi-2,1.0
28,lr,dbpedia_14,repeng_truthful,out_of_distribution,microsoft/phi-2,0.8
28,lr,dbpedia_14,truthful_qa,out_of_distribution,microsoft/phi-2,0.3
28,pca-g,dbpedia_14,amazon_polarity,out_of_distribution,microsoft/phi-2,1.0
28,pca-g,dbpedia_14,arc_easy,out_of_distribution,microsoft/phi-2,0.9
28,pca-g,dbpedia_14,boolq,out_of_distribution,microsoft/phi-2,0.8
28,pca-g,dbpedia_14,dbpedia_14,in_distribution,microsoft/phi-2,0.9
28,pca-g,dbpedia_14,facts,out_of_distribution,microsoft/phi-2,1.0
28,pca-g,dbpedia_14,repeng_truthful,out_of_distribution,microsoft/phi-2,0.8
28,pca-g,dbpedia_14,truthful_qa,out_of_distribution,microsoft/phi-2,0.3
29,dim,dbpedia_14,amazon_polarity,out_of_distribution,microsoft/phi-2,1.0
29,dim,dbpedia_14,arc_easy,out_of_distribution,microsoft/phi-2,0.9
29,dim,dbpedia_14,boolq,out_of_distribution,microsoft/phi-2,0.8
29,dim,dbpedia_14,dbpedia_14,in_distribution,microsoft/phi-2,0.9
29,dim,dbpedia_14,facts,out_of_distribution,microsoft/phi-2,1.0
29,dim,dbpedia_14,repeng_truthful,out_of_distribution,microsoft/phi-2,0.8
29,dim,dbpedia_14,truthful_qa,out_of_distribution,microsoft/phi-2,0.3
29,lat,dbpedia_14,amazon_polarity,out_of_distribution,microsoft/phi-2,1.0
29,lat,dbpedia_14,arc_easy,out_of_distribution,microsoft/phi-2,0.7
29,lat,dbpedia_14,boolq,out_of_distribution,microsoft/phi-2,0.7
29,lat,dbpedia_14,dbpedia_14,in_distribution,microsoft/phi-2,0.8
29,lat,dbpedia_14,facts,out_of_distribution,microsoft/phi-2,1.0
29,lat,dbpedia_14,repeng_truthful,out_of_distribution,microsoft/phi-2,0.9
29,lat,dbpedia_14,truthful_qa,out_of_distribution,microsoft/phi-2,0.3
29,lr,dbpedia_14,amazon_polarity,out_of_distribution,microsoft/phi-2,1.0
29,lr,dbpedia_14,arc_easy,out_of_distribution,microsoft/phi-2,0.9
29,lr,dbpedia_14,boolq,out_of_distribution,microsoft/phi-2,0.7
29,lr,dbpedia_14,dbpedia_14,in_distribution,microsoft/phi-2,0.9
29,lr,dbpedia_14,facts,out_of_distribution,microsoft/phi-2,1.0
29,lr,dbpedia_14,repeng_truthful,out_of_distribution,microsoft/phi-2,0.8
29,lr,dbpedia_14,truthful_qa,out_of_distribution,microsoft/phi-2,0.3
29,pca-g,dbpedia_14,amazon_polarity,out_of_distribution,microsoft/phi-2,1.0
29,pca-g,dbpedia_14,arc_easy,out_of_distribution,microsoft/phi-2,0.9
29,pca-g,dbpedia_14,boolq,out_of_distribution,microsoft/phi-2,0.8
29,pca-g,dbpedia_14,dbpedia_14,in_distribution,microsoft/phi-2,0.9
29,pca-g,dbpedia_14,facts,out_of_distribution,microsoft/phi-2,1.0
29,pca-g,dbpedia_14,repeng_truthful,out_of_distribution,microsoft/phi-2,0.8
29,pca-g,dbpedia_14,truthful_qa,out_of_distribution,microsoft/phi-2,0.3
30,dim,dbpedia_14,amazon_polarity,out_of_distribution,microsoft/phi-2,1.0
30,dim,dbpedia_14,arc_easy,out_of_distribution,microsoft/phi-2,0.9
30,dim,dbpedia_14,boolq,out_of_distribution,microsoft/phi-2,0.8
30,dim,dbpedia_14,dbpedia_14,in_distribution,microsoft/phi-2,0.9
30,dim,dbpedia_14,facts,out_of_distribution,microsoft/phi-2,1.0
30,dim,dbpedia_14,repeng_truthful,out_of_distribution,microsoft/phi-2,0.8
30,dim,dbpedia_14,truthful_qa,out_of_distribution,microsoft/phi-2,0.3
30,lat,dbpedia_14,amazon_polarity,out_of_distribution,microsoft/phi-2,1.0
30,lat,dbpedia_14,arc_easy,out_of_distribution,microsoft/phi-2,0.6
30,lat,dbpedia_14,boolq,out_of_distribution,microsoft/phi-2,0.7
30,lat,dbpedia_14,dbpedia_14,in_distribution,microsoft/phi-2,0.8
30,lat,dbpedia_14,facts,out_of_distribution,microsoft/phi-2,1.0
30,lat,dbpedia_14,repeng_truthful,out_of_distribution,microsoft/phi-2,0.8
30,lat,dbpedia_14,truthful_qa,out_of_distribution,microsoft/phi-2,0.3
30,lr,dbpedia_14,amazon_polarity,out_of_distribution,microsoft/phi-2,1.0
30,lr,dbpedia_14,arc_easy,out_of_distribution,microsoft/phi-2,0.8
30,lr,dbpedia_14,boolq,out_of_distribution,microsoft/phi-2,0.7
30,lr,dbpedia_14,dbpedia_14,in_distribution,microsoft/phi-2,0.9
30,lr,dbpedia_14,facts,out_of_distribution,microsoft/phi-2,1.0
30,lr,dbpedia_14,repeng_truthful,out_of_distribution,microsoft/phi-2,0.8
30,lr,dbpedia_14,truthful_qa,out_of_distribution,microsoft/phi-2,0.3
30,pca-g,dbpedia_14,amazon_polarity,out_of_distribution,microsoft/phi-2,1.0
30,pca-g,dbpedia_14,arc_easy,out_of_distribution,microsoft/phi-2,0.9
30,pca-g,dbpedia_14,boolq,out_of_distribution,microsoft/phi-2,0.8
30,pca-g,dbpedia_14,dbpedia_14,in_distribution,microsoft/phi-2,0.9
30,pca-g,dbpedia_14,facts,out_of_distribution,microsoft/phi-2,1.0
30,pca-g,dbpedia_14,repeng_truthful,out_of_distribution,microsoft/phi-2,0.8
30,pca-g,dbpedia_14,truthful_qa,out_of_distribution,microsoft/phi-2,0.3
31,dim,dbpedia_14,amazon_polarity,out_of_distribution,microsoft/phi-2,1.0
31,dim,dbpedia_14,arc_easy,out_of_distribution,microsoft/phi-2,0.9
31,dim,dbpedia_14,boolq,out_of_distribution,microsoft/phi-2,0.8
31,dim,dbpedia_14,dbpedia_14,in_distribution,microsoft/phi-2,0.9
31,dim,dbpedia_14,facts,out_of_distribution,microsoft/phi-2,1.0
31,dim,dbpedia_14,repeng_truthful,out_of_distribution,microsoft/phi-2,0.8
31,dim,dbpedia_14,truthful_qa,out_of_distribution,microsoft/phi-2,0.3
31,lat,dbpedia_14,amazon_polarity,out_of_distribution,microsoft/phi-2,0.9
31,lat,dbpedia_14,arc_easy,out_of_distribution,microsoft/phi-2,0.8
31,lat,dbpedia_14,boolq,out_of_distribution,microsoft/phi-2,1.0
31,lat,dbpedia_14,dbpedia_14,in_distribution,microsoft/phi-2,0.9
31,lat,dbpedia_14,facts,out_of_distribution,microsoft/phi-2,1.0
31,lat,dbpedia_14,repeng_truthful,out_of_distribution,microsoft/phi-2,0.8
31,lat,dbpedia_14,truthful_qa,out_of_distribution,microsoft/phi-2,0.3
31,lr,dbpedia_14,amazon_polarity,out_of_distribution,microsoft/phi-2,1.0
31,lr,dbpedia_14,arc_easy,out_of_distribution,microsoft/phi-2,0.8
31,lr,dbpedia_14,boolq,out_of_distribution,microsoft/phi-2,0.7
31,lr,dbpedia_14,dbpedia_14,in_distribution,microsoft/phi-2,0.9
31,lr,dbpedia_14,facts,out_of_distribution,microsoft/phi-2,1.0
31,lr,dbpedia_14,repeng_truthful,out_of_distribution,microsoft/phi-2,0.8
31,lr,dbpedia_14,truthful_qa,out_of_distribution,microsoft/phi-2,0.3
31,pca-g,dbpedia_14,amazon_polarity,out_of_distribution,microsoft/phi-2,1.0
31,pca-g,dbpedia_14,arc_easy,out_of_distribution,microsoft/phi-2,0.9
31,pca-g,dbpedia_14,boolq,out_of_distribution,microsoft/phi-2,0.8
31,pca-g,dbpedia_14,dbpedia_14,in_distribution,microsoft/phi-2,0.9
31,pca-g,dbpedia_14,facts,out_of_distribution,microsoft/phi-2,1.0
31,pca-g,dbpedia_14,repeng_truthful,out_of_distribution,microsoft/phi-2,0.8
31,pca-g,dbpedia_14,truthful_qa,out_of_distribution,microsoft/phi-2,0.3
